name1,name2
100025.jpg,100013.jpg
100033.jpg,100023.jpg
100028.jpg,100020.jpg
100047.jpg,100035.jpg
100052.jpg,100037.jpg
100050.jpg,100032.jpg
100069.jpg,100072.jpg
100081.jpg,100075.jpg
100093.jpg,100091.jpg
100073.jpg,100031.jpg
100100.jpg,100088.jpg
100097.jpg,100085.jpg
100096.jpg,100076.jpg
100508.jpg,100473.jpg
100511.jpg,100475.jpg
100510.jpg,100474.jpg
100513.jpg,100477.jpg
100514.jpg,100478.jpg
100512.jpg,100476.jpg
100516.jpg,100480.jpg
100517.jpg,100481.jpg
100515.jpg,100479.jpg
100519.jpg,100485.jpg
100520.jpg,100487.jpg
100518.jpg,100482.jpg
101054.jpg,101036.jpg
101055.jpg,101037.jpg
101057.jpg,101039.jpg
101056.jpg,101038.jpg
101058.jpg,101040.jpg
101060.jpg,101042.jpg
101059.jpg,101041.jpg
101935.jpg,101496.jpg
101934.jpg,101494.jpg
101936.jpg,101497.jpg
101938.jpg,101498.jpg
101941.jpg,101502.jpg
101939.jpg,101499.jpg
101940.jpg,101500.jpg

